{
    "0.0": {
        "precision": 0.31786542923433875,
        "recall": 0.2762096774193548,
        "f1-score": 0.29557713052858686,
        "support": 496
    },
    "1.0": {
        "precision": 0.865979381443299,
        "recall": 0.35668789808917195,
        "f1-score": 0.5052631578947369,
        "support": 471
    },
    "2.0": {
        "precision": 0.6637931034482759,
        "recall": 0.18333333333333332,
        "f1-score": 0.2873134328358209,
        "support": 420
    },
    "3.0": {
        "precision": 0.7787610619469026,
        "recall": 0.7169042769857433,
        "f1-score": 0.7465535524920466,
        "support": 491
    },
    "4.0": {
        "precision": 0.9721115537848606,
        "recall": 0.45864661654135336,
        "f1-score": 0.6232439335887612,
        "support": 532
    },
    "5.0": {
        "precision": 0.35728542914171657,
        "recall": 1.0,
        "f1-score": 0.5264705882352941,
        "support": 537
    },
    "accuracy": 0.5140821174075331,
    "macro avg": {
        "precision": 0.6592993264998989,
        "recall": 0.4986303003948261,
        "f1-score": 0.4974036325958744,
        "support": 2947
    },
    "weighted avg": {
        "precision": 0.6568469455333825,
        "recall": 0.5140821174075331,
        "f1-score": 0.5042738780885013,
        "support": 2947
    }
}