{
    "0.0": {
        "precision": 0.39575289575289574,
        "recall": 0.41330645161290325,
        "f1-score": 0.40433925049309666,
        "support": 496
    },
    "1.0": {
        "precision": 0.38927738927738925,
        "recall": 0.7091295116772823,
        "f1-score": 0.5026335590669676,
        "support": 471
    },
    "2.0": {
        "precision": 0.0,
        "recall": 0.0,
        "f1-score": 0.0,
        "support": 420
    },
    "3.0": {
        "precision": 0.47292069632495165,
        "recall": 0.9959266802443992,
        "f1-score": 0.641311475409836,
        "support": 491
    },
    "4.0": {
        "precision": 0.0,
        "recall": 0.0,
        "f1-score": 0.0,
        "support": 532
    },
    "5.0": {
        "precision": 1.0,
        "recall": 1.0,
        "f1-score": 1.0,
        "support": 537
    },
    "accuracy": 0.5310485239226331,
    "macro avg": {
        "precision": 0.37632516355920614,
        "recall": 0.5197271072557642,
        "f1-score": 0.42471404749498337,
        "support": 2947
    },
    "weighted avg": {
        "precision": 0.3898361549164024,
        "recall": 0.5310485239226331,
        "f1-score": 0.437453888358109,
        "support": 2947
    }
}